id,timestamp,steps,calories,dist_total,dist_track,dist_log,dist_act_high,dist_act_med,dist_act_low,dist_act_zero,mins_act_high,mins_act_med,mins_act_low,mins_act_zero
1,3/25/2016,11004,1819,7.110000133514401,7.110000133514401,0.0,2.5699999332428,0.46000000834465005,4.07000017166138,0.0,33,12,205,804
1,3/26/2016,17609,2154,11.5500001907349,11.5500001907349,0.0,6.92000007629395,0.730000019073486,3.91000008583069,0.0,89,17,274,588
1,3/27/2016,12736,1944,8.52999973297119,8.52999973297119,0.0,4.65999984741211,0.159999996423721,3.7100000381469704,0.0,56,5,268,605
1,3/28/2016,13231,1932,8.93000030517578,8.93000030517578,0.0,3.1900000572204603,0.790000021457672,4.949999809265139,0.0,39,20,224,1080
1,3/29/2016,12041,1886,7.849999904632571,7.849999904632571,0.0,2.16000008583069,1.0900000333786,4.6100001335144,0.0,28,28,243,763
1,3/30/2016,10970,1820,7.15999984741211,7.15999984741211,0.0,2.35999989509583,0.509999990463257,4.28999996185303,0.0,30,13,223,1174
1,3/31/2016,12256,1889,7.860000133514401,7.860000133514401,0.0,2.2899999618530296,0.490000009536743,5.03999996185303,0.0,33,12,239,820
1,4/1/2016,12262,1868,7.869999885559079,7.869999885559079,0.0,3.3199999332427996,0.8299999833106991,3.64000010490417,0.0,47,21,200,866
1,4/2/2016,11248,1843,7.25,7.25,0.0,3.0,0.44999998807907104,3.74000000953674,0.0,40,11,244,636
1,4/3/2016,10016,1850,6.369999885559079,6.369999885559079,0.0,0.910000026226044,1.27999997138977,4.17999982833862,0.0,15,30,314,655
1,4/4/2016,14557,2030,9.80000019073486,9.80000019073486,0.0,3.39000010490417,0.699999988079071,5.69000005722046,0.0,43,18,285,757
1,4/5/2016,14844,2083,9.72999954223633,9.72999954223633,0.0,2.9400000572204603,0.7599999904632572,6.03999996185303,0.0,36,18,341,736
1,4/6/2016,11974,1861,7.67000007629395,7.67000007629395,0.0,2.03999996185303,0.479999989271164,5.15000009536743,0.0,27,12,228,1173
1,4/7/2016,10198,1755,6.44000005722046,6.44000005722046,0.0,1.20000004768372,0.790000021457672,4.449999809265139,0.0,17,20,195,1208
1,4/8/2016,12521,1895,7.94000005722046,7.94000005722046,0.0,3.3099999427795397,0.8999999761581421,3.74000000953674,0.0,46,22,212,1160
1,4/9/2016,12432,1883,8.10000038146973,8.10000038146973,0.0,2.58999991416931,0.5899999737739561,4.92000007629395,0.0,32,15,248,738
1,4/10/2016,10057,1755,6.98000001907349,6.98000001907349,0.0,4.0,0.490000009536743,2.4800000190734903,0.0,44,13,168,737
1,4/11/2016,10990,1811,7.2600002288818395,7.2600002288818395,0.0,2.03999996185303,0.569999992847443,4.65000009536743,0.0,26,14,216,855
1,4/12/2016,224,50,0.14000000059604598,0.14000000059604598,0.0,0.0,0.0,0.129999995231628,0.0,0,0,9,32
2,3/25/2016,1810,1373,1.17999994754791,1.17999994754791,0.0,0.0,0.0,1.12999999523163,0.00999999977648258,0,0,121,1319
2,3/26/2016,815,1264,0.5299999713897711,0.5299999713897711,0.0,0.0,0.0,0.5299999713897711,0.0,0,0,47,1393
2,3/27/2016,1985,1350,1.28999996185303,1.28999996185303,0.0,0.0,0.0,1.27999997138977,0.00999999977648258,0,0,112,1328
2,3/28/2016,1905,1342,1.24000000953674,1.24000000953674,0.0,0.0,0.0,1.24000000953674,0.0,0,0,95,1345
2,3/29/2016,1552,1300,1.00999999046326,1.00999999046326,0.0,0.0,0.0,1.0,0.0,0,0,66,1374
2,3/30/2016,1675,1313,1.0900000333786,1.0900000333786,0.0,0.0,0.0,1.0900000333786,0.0,0,0,84,1356
2,3/31/2016,4506,1498,2.9300000667572004,2.9300000667572004,0.0,0.509999990463257,0.270000010728836,2.15000009536743,0.00999999977648258,7,4,144,1285
2,4/1/2016,9218,1541,5.9899997711181605,5.9899997711181605,0.0,0.0,0.0,5.96999979019165,0.00999999977648258,0,0,221,1219
2,4/2/2016,1556,1327,1.00999999046326,1.00999999046326,0.0,0.0,0.0,1.00999999046326,0.00999999977648258,0,0,88,1352
2,4/3/2016,2910,1452,1.88999998569489,1.88999998569489,0.0,0.0,0.0,1.87999999523163,0.00999999977648258,0,0,157,1283
2,4/4/2016,18464,1574,12.0,12.0,0.0,0.0,0.0,12.0,0.0,0,0,270,1170
2,4/5/2016,1335,1308,0.870000004768372,0.870000004768372,0.0,0.0,0.0,0.870000004768372,0.0,0,0,74,1366
2,4/6/2016,1004,1276,0.6499999761581421,0.6499999761581421,0.0,0.0,0.0,0.6499999761581421,0.0,0,0,55,1385
2,4/7/2016,1111,1278,0.720000028610229,0.720000028610229,0.0,0.0,0.0,0.720000028610229,0.0,0,0,54,1386
2,4/8/2016,6344,1409,4.11999988555908,4.11999988555908,0.0,0.0,0.0,4.099999904632569,0.0,0,0,143,1297
2,4/9/2016,3572,1370,2.3199999332428,2.3199999332428,0.0,0.0,0.0,2.2899999618530296,0.0299999993294477,0,0,122,1318
2,4/10/2016,3910,1555,2.5399999618530296,2.5399999618530296,0.0,0.46999999880790705,0.25,1.8099999427795401,0.00999999977648258,7,7,186,1240
2,4/11/2016,10000,1469,6.5,6.5,0.0,0.0,0.0,6.5,0.0,0,0,172,1268
2,4/12/2016,6627,706,4.30999994277954,4.30999994277954,0.0,0.0,0.0,4.30999994277954,0.0,0,0,89,604
3,4/1/2016,4636,3323,3.41000008583069,3.41000008583069,0.0,0.0,0.779999971389771,2.5999999046325697,0.0299999993294477,0,16,586,838
3,4/2/2016,20237,4029,14.710000038147,14.710000038147,0.0,2.5699999332428,6.400000095367429,5.73000001907349,0.00999999977648258,34,141,347,918
3,4/3/2016,12912,3436,9.40999984741211,9.40999984741211,0.0,4.82999992370605,0.769999980926514,3.7899999618530296,0.0299999993294477,59,16,283,1082
3,4/4/2016,2819,2444,2.04999995231628,2.04999995231628,0.0,0.31000000238418607,0.170000001788139,1.5599999427795401,0.00999999977648258,4,4,87,1345
3,4/5/2016,9921,3098,7.21000003814697,7.21000003814697,0.0,0.34000000357627896,1.5199999809265101,5.3600001335144,0.0,5,35,219,1181
3,4/6/2016,8046,2925,5.849999904632571,5.849999904632571,0.0,1.28999996185303,2.11999988555908,2.4500000476837203,0.0,18,41,137,1244
3,4/7/2016,11166,3202,8.11999988555908,8.11999988555908,0.0,0.209999993443489,2.41000008583069,5.5,0.0,3,58,230,1149
3,4/8/2016,7842,2928,5.699999809265139,5.699999809265139,0.0,0.479999989271164,2.41000008583069,2.8099999427795397,0.0,7,43,161,1229
3,4/9/2016,13840,3290,10.0600004196167,10.0600004196167,0.0,1.30999994277954,3.72000002861023,5.03000020980835,0.0,18,81,192,1149
3,4/10/2016,1329,489,0.970000028610229,0.970000028610229,0.0,0.0,0.0,0.970000028610229,0.0,0,0,35,207
4,4/1/2016,6847,1969,4.53000020980835,4.53000020980835,0.0,0.610000014305115,0.370000004768372,3.54999995231628,0.0,9,9,251,1171
4,4/2/2016,5367,1889,3.54999995231628,3.54999995231628,0.0,0.0,0.0,3.54999995231628,0.0,0,0,263,1177
4,4/3/2016,2841,1636,1.87999999523163,1.87999999523163,0.0,0.0,0.0,1.87999999523163,0.0,0,0,136,1114
4,4/4/2016,0,1347,0.0,0.0,0.0,0.0,0.0,0.0,0.0,0,0,0,669
4,4/5/2016,0,1347,0.0,0.0,0.0,0.0,0.0,0.0,0.0,0,0,0,1440
4,4/6/2016,7,1349,0.0,0.0,0.0,0.0,0.0,0.0,0.0,0,0,1,1439
4,4/7/2016,6344,1965,4.19000005722046,4.19000005722046,0.0,0.0,0.0,4.19000005722046,0.0,0,0,290,1150
4,4/8/2016,5316,1824,3.50999999046326,3.50999999046326,0.0,0.0,0.0,3.50999999046326,0.0,0,0,221,1219
4,4/9/2016,4979,1807,3.2899999618530296,3.2899999618530296,0.0,0.0,0.0,3.2899999618530296,0.0,0,0,184,620
4,4/10/2016,6556,1971,4.34000015258789,4.34000015258789,0.0,0.0,0.0,4.32999992370605,0.0,0,0,305,810
4,4/11/2016,5430,1888,3.58999991416931,3.58999991416931,0.0,0.0,0.0,3.58999991416931,0.0,0,0,251,1189
4,4/12/2016,0,399,0.0,0.0,0.0,0.0,0.0,0.0,0.0,0,0,0,426
5,4/1/2016,4317,2590,2.99000000953674,2.99000000953674,0.0,0.0,0.370000004768372,2.61999988555908,0.0,0,11,192,854
5,4/2/2016,5662,2783,3.92000007629395,3.92000007629395,0.0,0.0,0.0,3.92000007629395,0.0,0,0,267,858
5,4/3/2016,3198,2449,2.2100000381469704,2.2100000381469704,0.0,0.0,0.0,2.2100000381469704,0.0,0,0,146,1183
5,4/4/2016,2352,2380,1.62999999523163,1.62999999523163,0.0,0.0,0.0,1.62999999523163,0.0,0,0,128,829
5,4/5/2016,2234,2344,1.54999995231628,1.54999995231628,0.0,0.0,0.0,1.54999995231628,0.0,0,0,108,912
5,4/6/2016,1259,2202,0.870000004768372,0.870000004768372,0.0,0.0,0.0,0.870000004768372,0.0,0,0,73,938
5,4/7/2016,768,2130,0.5299999713897711,0.5299999713897711,0.0,0.0,0.0,0.5299999713897711,0.0,0,0,43,1397
5,4/8/2016,519,2088,0.36000001430511497,0.36000001430511497,0.0,0.0,0.0,0.36000001430511497,0.0,0,0,34,1406
5,4/9/2016,2523,2443,1.75,1.75,0.0,0.0,0.370000004768372,1.37999999523163,0.0,0,9,134,1250
5,4/10/2016,2105,2442,1.46000003814697,1.46000003814697,0.0,0.0,0.0,1.46000003814697,0.0,0,0,139,805
5,4/11/2016,1209,2255,0.839999973773956,0.839999973773956,0.0,0.0,0.0,0.839999973773956,0.0,0,0,73,842
5,4/12/2016,24,942,0.0199999995529652,0.0199999995529652,0.0,0.0,0.0,0.0199999995529652,0.0,0,0,3,161
6,4/1/2016,13603,2645,9.60000038146973,9.60000038146973,0.0,5.46000003814697,0.6299999952316279,3.50999999046326,0.0,72,16,213,1139
6,4/2/2016,5477,2040,3.83999991416931,3.83999991416931,0.0,0.0,0.0,3.83999991416931,0.0,0,0,237,1203
6,4/3/2016,11144,2395,7.82000017166138,7.82000017166138,0.0,1.78999996185303,0.8899999856948849,5.1399998664856,0.0,25,22,279,1114
6,4/4/2016,15313,2581,11.0,11.0,0.0,5.019999980926509,1.28999996185303,4.69000005722046,0.0,62,19,233,1126
6,4/5/2016,10805,2735,7.59000015258789,7.59000015258789,0.0,0.720000028610229,0.980000019073486,5.889999866485599,0.0,36,37,298,1069
6,4/6/2016,15392,2733,10.9300003051758,10.9300003051758,0.0,3.4300000667572004,1.75,5.75,0.0,47,42,258,1093
6,4/7/2016,18247,3021,13.8299999237061,13.8299999237061,0.0,7.110000133514401,2.2100000381469704,4.51000022888184,0.0,72,62,252,1054
6,4/8/2016,13023,2577,9.26000022888184,9.26000022888184,0.0,3.2300000190734903,0.560000002384186,5.46999979019165,0.0,40,12,296,1092
6,4/9/2016,16267,2811,12.5900001525879,12.5900001525879,0.0,5.75,0.46999999880790705,6.369999885559079,0.0,44,16,302,1078
6,4/10/2016,10005,2458,7.01999998092651,7.01999998092651,0.0,0.0799999982118607,1.04999995231628,5.900000095367429,0.0,1,23,339,1077
6,4/11/2016,10106,2568,7.09000015258789,7.09000015258789,0.0,1.21000003814697,0.560000002384186,5.32999992370605,0.0,41,16,272,1111
6,4/12/2016,6717,1140,4.71999979019165,4.71999979019165,0.0,3.2300000190734903,0.219999998807907,1.26999998092651,0.0,41,5,67,551
7,4/1/2016,2605,1407,1.62000000476837,1.62000000476837,0.0,0.0,0.0,1.62000000476837,0.0,0,0,166,729
7,4/2/2016,1229,1237,0.7599999904632572,0.7599999904632572,0.0,0.0,0.0,0.7599999904632572,0.0,0,0,69,795
7,4/3/2016,2308,1330,1.42999994754791,1.42999994754791,0.0,0.0,0.0,1.42999994754791,0.0,0,0,115,720
7,4/4/2016,6679,1583,4.1399998664856,4.1399998664856,0.0,0.0,0.0,4.1399998664856,0.0,0,0,263,644
7,4/5/2016,5645,1538,3.5,3.5,0.0,0.0,0.0,3.5,0.0,0,0,248,621
7,4/6/2016,3180,1421,1.9700000286102302,1.9700000286102302,0.0,0.0,0.0,1.9700000286102302,0.0,0,0,185,738
7,4/7/2016,2767,1392,1.7200000286102302,1.7200000286102302,0.0,0.0,0.0,1.7200000286102302,0.0,0,0,170,673
7,4/8/2016,3762,1425,2.32999992370605,2.32999992370605,0.0,0.0,0.0,2.32999992370605,0.0,0,0,173,719
7,4/9/2016,3098,1413,1.91999995708466,1.91999995708466,0.0,0.0,0.0,1.91999995708466,0.0,0,0,185,700
7,4/10/2016,5142,1515,3.1900000572204603,3.1900000572204603,0.0,0.0,0.0,3.1900000572204603,0.0,0,0,230,654
7,4/11/2016,3279,1405,2.02999997138977,2.02999997138977,0.0,0.0,0.0,2.02999997138977,0.0,0,0,164,694
7,4/12/2016,1019,600,0.6299999952316279,0.6299999952316279,0.0,0.0,0.0,0.6299999952316279,0.0,0,0,64,223
8,4/1/2016,0,1324,0.0,0.0,0.0,0.0,0.0,0.0,0.0,0,0,0,1440
8,4/2/2016,0,1324,0.0,0.0,0.0,0.0,0.0,0.0,0.0,0,0,0,1440
8,4/3/2016,0,1324,0.0,0.0,0.0,0.0,0.0,0.0,0.0,0,0,0,1440
8,4/4/2016,0,1324,0.0,0.0,0.0,0.0,0.0,0.0,0.0,0,0,0,1440
8,4/5/2016,4931,1708,3.3199999332427996,3.3199999332427996,0.0,0.0,0.0,3.3199999332427996,0.0,0,0,175,1265
8,4/6/2016,6999,1950,4.71999979019165,4.71999979019165,0.0,0.0,0.0,4.71999979019165,0.0,0,0,320,1120
8,4/7/2016,1846,1508,1.24000000953674,1.24000000953674,0.0,0.0,0.0,1.24000000953674,0.0,0,0,93,1347
8,4/8/2016,3417,1625,2.2999999523162797,2.2999999523162797,0.0,0.0,0.0,2.2999999523162797,0.0,0,0,153,1287
8,4/9/2016,4863,1772,3.27999997138977,3.27999997138977,0.0,0.0599999986588955,0.419999986886978,2.79999995231628,0.0,1,11,208,1220
8,4/10/2016,2277,1530,1.5299999713897698,1.5299999713897698,0.0,0.0,0.0,1.5299999713897698,0.0,0,0,103,1337
8,4/11/2016,11230,2206,7.67000007629395,7.67000007629395,0.0,0.8899999856948849,0.119999997317791,6.65999984741211,0.0,10,2,390,1038
8,4/12/2016,2098,790,1.4099999666213998,1.4099999666213998,0.0,0.0,0.0,1.4099999666213998,0.0,0,0,69,617
9,3/29/2016,10272,2041,6.78999996185303,6.78999996185303,0.0,0.159999996423721,3.1199998855590803,3.5,0.0,2,58,208,700
9,3/30/2016,10533,2187,7.099999904632571,7.099999904632571,0.0,1.7699999809265101,2.05999994277954,3.2699999809265097,0.0,21,35,255,615
9,3/31/2016,6760,1929,4.46999979019165,4.46999979019165,0.0,0.0,0.0,4.46999979019165,0.0,0,0,250,613
9,4/1/2016,8328,1935,5.5100002288818395,5.5100002288818395,0.0,0.0,2.0,3.5,0.0,0,33,212,804
9,4/2/2016,15459,2438,10.2200002670288,10.2200002670288,0.0,3.58999991416931,0.8100000023841859,5.82000017166138,0.0,51,16,327,583
9,4/3/2016,7485,2035,4.949999809265139,4.949999809265139,0.0,0.0,0.0,4.949999809265139,0.0,0,0,324,491
9,4/4/2016,10254,2099,6.800000190734861,6.800000190734861,0.0,1.41999995708466,1.23000001907349,4.15999984741211,0.0,21,25,231,638
9,4/5/2016,10114,2096,6.82000017166138,6.82000017166138,0.0,1.63999998569489,0.479999989271164,4.67999982833862,0.0,18,9,269,696
9,4/6/2016,11107,2058,7.34000015258789,7.34000015258789,0.0,0.8999999761581421,2.75999999046326,3.6800000667572004,0.0,14,46,196,759
9,4/7/2016,10320,2338,6.849999904632571,6.849999904632571,0.0,0.680000007152557,1.23000001907349,4.94000005722046,0.0,15,32,315,1002
9,4/8/2016,10209,2104,6.75,6.75,0.0,0.159999996423721,0.349999994039536,6.23000001907349,0.0,2,6,316,711
9,4/9/2016,16081,2488,10.6300001144409,10.6300001144409,0.0,1.25,1.82000005245209,7.55999994277954,0.0,16,32,401,970
9,4/10/2016,10078,2164,6.82999992370605,6.82999992370605,0.0,1.01999998092651,0.119999997317791,5.69000005722046,0.0,12,3,303,463
9,4/11/2016,10001,2009,6.610000133514401,6.610000133514401,0.0,0.33000001311302196,2.9300000667572004,3.35999989509583,0.0,5,52,196,788
9,4/12/2016,0,399,0.0,0.0,0.0,0.0,0.0,0.0,0.0,0,0,0,425
10,4/1/2016,890,1335,0.6000000238418579,0.6000000238418579,0.0,0.0,0.0,0.6000000238418579,0.0,0,0,41,1399
10,4/2/2016,2214,1559,1.4900000095367398,1.4900000095367398,0.0,0.0,0.0,1.4900000095367398,0.0,0,0,197,1243
10,4/3/2016,7640,1845,5.13000011444092,5.13000011444092,0.0,0.189999997615814,0.8000000119209291,4.150000095367431,0.0,3,15,315,1107
10,4/4/2016,9713,2046,6.53000020980835,6.53000020980835,0.0,0.34000000357627896,0.8899999856948849,5.28999996185303,0.0,6,24,355,1055
10,4/5/2016,8432,1953,5.67000007629395,5.67000007629395,0.0,0.0,0.0,5.650000095367429,0.00999999977648258,0,0,374,1066
10,4/6/2016,7350,1910,4.94000005722046,4.94000005722046,0.0,0.0,0.0,4.94000005722046,0.0,0,0,382,1058
10,4/7/2016,9353,2035,6.30999994277954,6.30999994277954,0.0,0.370000004768372,0.6899999976158139,5.23999977111816,0.0,5,17,363,1055
10,4/8/2016,7157,1944,4.80999994277954,4.80999994277954,0.0,0.0,0.0,4.80999994277954,0.0,0,0,380,1060
10,4/9/2016,14103,2257,9.5600004196167,9.5600004196167,0.0,3.0199999809265097,0.40999999642372104,6.139999866485599,0.00999999977648258,46,8,288,1098
10,4/10/2016,5290,1724,3.54999995231628,3.54999995231628,0.0,0.0399999991059303,0.34000000357627896,3.17000007629395,0.0,1,8,251,1180
10,4/11/2016,7497,1741,5.03999996185303,5.03999996185303,0.0,0.0,0.0,5.03999996185303,0.0,0,0,357,882
10,4/12/2016,0,0,0.0,0.0,0.0,0.0,0.0,0.0,0.0,0,0,0,1440
11,3/29/2016,0,1920,0.0,0.0,0.0,0.0,0.0,0.0,0.0,0,0,0,1440
11,3/30/2016,0,1920,0.0,0.0,0.0,0.0,0.0,0.0,0.0,0,0,0,1440
11,3/31/2016,0,1920,0.0,0.0,0.0,0.0,0.0,0.0,0.0,0,0,0,1440
11,4/1/2016,0,4562,0.0,0.0,4.82803201675415,0.0,0.0,0.0,0.0,0,660,0,780
11,4/2/2016,4126,2881,3.22000002861023,0.0,3.21868801116943,0.0,0.0,3.22000002861023,0.0,0,0,720,720
11,4/3/2016,0,1920,0.0,0.0,0.0,0.0,0.0,0.0,0.0,0,0,0,1440
11,4/4/2016,0,1920,0.0,0.0,0.0,0.0,0.0,0.0,0.0,0,0,0,1440
11,4/5/2016,2063,1144,1.61000001430511,0.0,1.6093440055847201,0.0,0.0,1.61000001430511,0.0,0,0,630,99
12,4/1/2016,5785,1852,3.95000004768372,3.95000004768372,0.0,0.0,0.0,3.91000008583069,0.0399999991059303,0,0,311,1129
12,4/2/2016,7625,2069,5.230000019073491,5.230000019073491,0.0,1.67999994754791,0.0399999991059303,3.5,0.00999999977648258,24,1,341,1074
12,4/3/2016,4706,1816,3.2100000381469704,3.2100000381469704,0.0,0.0,0.0,3.2100000381469704,0.0,0,0,299,1141
12,4/4/2016,5861,1878,4.019999980926509,4.019999980926509,0.0,1.29999995231628,0.219999998807907,2.49000000953674,0.00999999977648258,20,7,233,1180
12,4/5/2016,4460,1787,3.0399999618530296,3.0399999618530296,0.0,0.0,0.0,3.0199999809265097,0.0299999993294477,0,0,248,1192
12,4/6/2016,6406,2010,4.3899998664856,4.3899998664856,0.0,0.779999971389771,0.0900000035762787,3.5199999809265097,0.00999999977648258,17,4,325,1094
12,4/7/2016,7392,2038,5.09999990463257,5.09999990463257,0.0,0.870000004768372,0.159999996423721,4.05000019073486,0.0199999995529652,14,9,332,1085
12,4/8/2016,5551,1815,3.7899999618530296,3.7899999618530296,0.0,0.0,0.0,3.7699999809265097,0.00999999977648258,0,0,282,1158
12,4/9/2016,8827,2062,6.25,6.25,0.0,1.7699999809265101,0.479999989271164,4.0,0.00999999977648258,21,10,346,1063
12,4/10/2016,4662,1276,3.1800000667572004,3.1800000667572004,0.0,1.03999996185303,0.150000005960464,1.9900000095367398,0.0,22,4,152,735
13,4/1/2016,4499,1288,3.00999999046326,3.00999999046326,0.0,0.0,0.0,3.00999999046326,0.0,0,0,168,842
13,4/2/2016,7618,1490,5.09999990463257,5.09999990463257,0.0,0.0,0.180000007152557,4.90999984741211,0.0,0,6,302,842
13,4/3/2016,11508,1630,7.699999809265139,7.699999809265139,0.0,2.17000007629395,0.839999973773956,4.69000005722046,0.0,29,22,282,748
13,4/4/2016,11943,1648,7.9899997711181605,7.9899997711181605,0.0,1.02999997138977,2.00999999046326,4.949999809265139,0.0,16,43,297,710
13,4/5/2016,12303,1649,8.22999954223633,8.22999954223633,0.0,1.71000003814697,1.35000002384186,5.17000007629395,0.0,26,32,291,605
13,4/6/2016,15425,1783,10.3199996948242,10.3199996948242,0.0,1.62000000476837,1.82000005245209,6.869999885559079,0.0,24,45,331,614
13,4/7/2016,8422,1431,5.630000114440921,5.630000114440921,0.0,0.0,3.5999999046325697,2.03999996185303,0.0,0,81,139,815
13,4/8/2016,10226,1524,6.84000015258789,6.84000015258789,0.0,0.0,4.44000005722046,2.4000000953674303,0.0,0,101,174,685
13,4/9/2016,14583,1697,9.76000022888184,9.76000022888184,0.0,2.4800000190734903,1.7400000095367398,5.53000020980835,0.0,35,36,254,697
13,4/10/2016,3573,1232,2.39000010490417,2.39000010490417,0.0,0.9399999976158141,0.40999999642372104,0.970000028610229,0.0,15,8,99,866
13,4/11/2016,3108,1223,2.14000010490417,2.14000010490417,0.0,0.0700000002980232,0.0399999991059303,1.96000003814697,0.0,1,1,129,894
13,4/12/2016,759,182,0.569999992847443,0.569999992847443,0.0,0.0,0.0,0.569999992847443,0.0,0,0,17,187
14,3/12/2016,5543,2990,3.97000002861023,3.97000002861023,0.0,0.0,0.0,3.9600000381469704,0.00999999977648258,0,0,254,757
14,3/13/2016,3226,2480,2.30999994277954,2.30999994277954,0.0,0.0,0.0,2.27999997138977,0.0,0,0,136,771
14,3/14/2016,3023,2570,2.17000007629395,2.17000007629395,0.0,0.0,0.0,2.14000010490417,0.0,0,0,145,1005
14,3/15/2016,5906,3016,4.230000019073491,4.230000019073491,0.0,0.0,0.159999996423721,4.03999996185303,0.0,0,10,215,874
14,3/16/2016,12483,3830,8.98999977111816,8.98999977111816,0.0,1.45000004768372,0.569999992847443,6.900000095367429,0.0,25,14,309,599
14,3/17/2016,8940,3706,6.40999984741211,6.40999984741211,0.0,0.0,0.0,0.610000014305115,0.0399999991059303,0,0,47,986
14,3/18/2016,368,2024,0.259999990463257,0.259999990463257,0.0,0.0,0.0,0.0,0.0,0,0,0,1440
14,3/19/2016,5702,2980,4.09000015258789,4.09000015258789,0.0,0.0,0.0,0.0,0.0,0,0,0,1440
14,3/20/2016,10330,3728,7.40999984741211,7.40999984741211,0.0,0.0,0.0,0.0,0.0,0,0,0,1440
14,3/21/2016,8778,3348,6.28999996185303,6.28999996185303,0.0,0.0,0.0,0.0,0.0,0,0,0,1440
14,3/22/2016,6662,3162,4.78000020980835,4.78000020980835,0.0,0.0,0.0,0.0,0.0,0,0,0,1440
14,3/23/2016,6309,3140,4.519999980926509,4.519999980926509,0.0,0.0,0.0,0.0,0.0,0,0,0,1440
14,3/24/2016,1951,1980,1.4099999666213998,1.4099999666213998,0.0,0.0,0.0,0.0,0.0,0,0,0,1440
14,3/25/2016,5563,3681,3.99000000953674,3.99000000953674,0.0,0.0,0.0,0.0,0.0,0,0,0,1440
14,3/26/2016,4370,3444,3.1300001144409197,3.1300001144409197,0.0,0.0,0.0,0.0,0.0,0,0,0,1440
14,3/27/2016,7144,3510,5.11999988555908,5.11999988555908,0.0,0.0,0.0,0.0,0.0,0,0,0,1440
14,3/28/2016,2106,4010,1.5099999904632602,1.5099999904632602,0.0,0.0199999995529652,0.0500000007450581,0.209999993443489,0.0,31,45,75,1289
14,3/29/2016,4152,2976,2.9800000190734903,2.9800000190734903,0.0,0.0,0.0,2.9600000381469704,0.0,0,0,187,1253
14,3/30/2016,5400,3418,3.8699998855590803,3.8699998855590803,0.0,0.0,0.0,3.8499999046325697,0.0,0,0,258,795
14,3/31/2016,7428,3439,5.32999992370605,5.32999992370605,0.0,0.870000004768372,0.9200000166893009,3.50999999046326,0.0,18,33,261,860
14,4/1/2016,5351,3338,3.83999991416931,3.83999991416931,0.0,0.6200000047683721,0.180000007152557,3.00999999046326,0.0,15,17,210,748
14,4/2/2016,4299,2892,3.0999999046325697,3.0999999046325697,0.0,0.0900000035762787,0.209999993443489,2.74000000953674,0.0399999991059303,3,15,162,752
14,4/3/2016,6107,3313,4.38000011444092,4.38000011444092,0.0,0.0,0.0,4.3600001335144,0.0,0,0,265,776
14,4/4/2016,6429,3118,4.59999990463257,4.59999990463257,0.0,0.0,0.9499999880790709,3.6500000953674303,0.0,0,28,193,741
14,4/5/2016,6880,2966,4.92999982833862,4.92999982833862,0.0,0.5,0.7599999904632572,3.6500000953674303,0.0,7,19,165,1249
14,4/6/2016,7476,3253,5.3600001335144,5.3600001335144,0.0,0.0,0.0,5.30999994277954,0.0,0,0,263,920
14,4/7/2016,6581,3032,4.71999979019165,4.71999979019165,0.0,0.0,0.28999999165535,4.3899998664856,0.0,0,8,241,1191
14,4/8/2016,10480,4034,7.5100002288818395,7.5100002288818395,0.0,0.40999999642372104,1.4700000286102302,5.01000022888184,0.0399999991059303,6,37,272,1125
14,4/9/2016,7734,3264,5.550000190734861,5.550000190734861,0.0,1.1599999666214,0.490000009536743,3.8199999332427996,0.0599999986588955,20,12,223,1185
14,4/10/2016,5129,2817,3.6800000667572004,3.6800000667572004,0.0,0.180000007152557,0.239999994635582,3.2100000381469704,0.00999999977648258,5,7,176,1178
14,4/11/2016,2993,2507,2.15000009536743,2.15000009536743,0.0,0.0,0.0,2.08999991416931,0.0,0,0,114,888
14,4/12/2016,8,446,0.00999999977648258,0.00999999977648258,0.0,0.0,0.0,0.00999999977648258,0.0,0,0,1,321
15,3/12/2016,0,1777,0.0,0.0,0.0,0.0,0.0,0.0,0.0,0,0,0,1440
15,3/13/2016,0,1777,0.0,0.0,0.0,0.0,0.0,0.0,0.0,0,0,0,1440
15,3/14/2016,8433,2453,6.23000001907349,6.23000001907349,0.0,2.4500000476837203,0.33000001311302196,3.4400000572204603,0.0,30,7,135,1268
15,3/15/2016,0,1776,0.0,0.0,0.0,0.0,0.0,0.0,0.0,0,0,0,1440
15,3/16/2016,2139,1935,1.5599999427795401,1.5599999427795401,0.0,0.0,1.29999995231628,0.259999990463257,0.0,0,28,15,1397
15,3/17/2016,0,1776,0.0,0.0,0.0,0.0,0.0,0.0,0.0,0,0,0,1440
15,3/18/2016,949,1870,0.6899999976158139,0.6899999976158139,0.0,0.0,0.0,0.6899999976158139,0.0,0,0,34,1406
15,3/19/2016,0,1777,0.0,0.0,0.0,0.0,0.0,0.0,0.0,0,0,0,1440
15,3/20/2016,44,1782,0.0299999993294477,0.0299999993294477,0.0,0.0,0.0,0.0299999993294477,0.0,0,0,2,1438
15,3/21/2016,2660,1978,1.9400000572204599,1.9400000572204599,0.0,0.0,0.0,1.9400000572204599,0.0,0,0,46,1394
15,3/22/2016,5561,2296,4.19000005722046,4.19000005722046,0.0,0.0,0.0,4.07000017166138,0.0,0,0,169,1271
15,3/23/2016,7239,2484,5.34000015258789,5.34000015258789,0.0,0.550000011920929,0.36000001430511497,4.38000011444092,0.0,7,7,190,1236
15,3/24/2016,7,1787,0.00999999977648258,0.00999999977648258,0.0,0.0,0.0,0.00999999977648258,0.0,0,0,1,1439
15,3/25/2016,0,1776,0.0,0.0,0.0,0.0,0.0,0.0,0.0,0,0,0,1440
15,3/26/2016,0,1776,0.0,0.0,0.0,0.0,0.0,0.0,0.0,0,0,0,1440
15,3/27/2016,2275,2005,1.67999994754791,1.67999994754791,0.0,0.0,0.0,1.6599999666213998,0.0,0,0,86,1354
15,3/28/2016,8,1778,0.00999999977648258,0.00999999977648258,0.0,0.0,0.0,0.00999999977648258,0.0,0,0,1,1439
15,3/29/2016,5137,2293,3.75999999046326,3.75999999046326,0.0,0.0,0.0,3.75999999046326,0.0,0,0,160,1280
15,3/30/2016,5419,2259,4.0,4.57000017166138,0.055842999368906,0.0,0.0,3.91000008583069,0.0599999986588955,0,0,145,1295
15,3/31/2016,0,1776,0.0,0.0,0.0,0.0,0.0,0.0,0.0,0,0,0,1440
15,4/1/2016,0,1776,0.0,0.0,0.0,0.0,0.0,0.0,0.0,0,0,0,1440
15,4/2/2016,0,1776,0.0,0.0,0.0,0.0,0.0,0.0,0.0,0,0,0,1440
15,4/3/2016,0,1776,0.0,0.0,0.0,0.0,0.0,0.0,0.0,0,0,0,1440
15,4/4/2016,0,1776,0.0,0.0,0.0,0.0,0.0,0.0,0.0,0,0,0,1440
15,4/5/2016,0,1776,0.0,0.0,0.0,0.0,0.0,0.0,0.0,0,0,0,1440
15,4/6/2016,18,1780,0.00999999977648258,0.00999999977648258,0.0,0.0,0.0,0.00999999977648258,0.0,0,0,2,1438
15,4/7/2016,4,1778,0.0,0.0,0.0,0.0,0.0,0.0,0.0,0,0,1,1439
15,4/8/2016,8426,2360,6.15999984741211,6.15999984741211,0.0,0.129999995231628,5.4899997711181605,0.540000021457672,0.0,2,120,25,1293
15,4/9/2016,1650,1952,1.21000003814697,1.21000003814697,0.0,0.0,0.0,1.21000003814697,0.0,0,0,60,1380
15,4/10/2016,3434,2101,2.50999999046326,2.50999999046326,0.0,0.0700000002980232,0.30000001192092896,2.14000010490417,0.0,1,7,108,1324
15,4/11/2016,6801,2393,4.980000019073491,4.980000019073491,0.0,0.0,0.0,4.96999979019165,0.0,0,0,193,1247
15,4/12/2016,187,538,0.14000000059604598,0.14000000059604598,0.0,0.0,0.0,0.14000000059604598,0.0,0,0,11,400
16,3/29/2016,5643,1958,3.7899999618530296,3.7899999618530296,0.0,0.23000000417232502,0.33000001311302196,3.2300000190734903,0.0,3,8,199,683
16,3/30/2016,9043,2141,6.07000017166138,6.07000017166138,0.0,0.25,0.430000007152557,5.369999885559079,0.0,4,12,244,702
16,3/31/2016,8144,2129,5.46000003814697,5.46000003814697,0.0,0.25,0.610000014305115,4.6100001335144,0.0,4,17,247,1125
16,4/1/2016,9343,2216,6.26999998092651,6.26999998092651,0.0,0.959999978542328,0.8500000238418579,4.46000003814697,0.0,14,20,268,654
16,4/2/2016,8405,2154,5.65999984741211,5.65999984741211,0.0,1.12999999523163,0.189999997615814,4.34000015258789,0.0,15,4,257,621
16,4/3/2016,8223,2178,5.51999998092651,5.51999998092651,0.0,0.8000000119209291,1.5099999904632602,3.2100000381469704,0.0,12,37,257,551
16,4/4/2016,10067,2308,6.7600002288818395,6.7600002288818395,0.0,0.36000001430511497,1.41999995708466,4.96999979019165,0.0,5,39,313,578
16,4/5/2016,8359,2201,5.630000114440921,5.630000114440921,0.0,0.23000000417232502,0.5299999713897711,4.86999988555908,0.0,3,14,311,638
16,4/6/2016,10946,2341,7.349999904632571,7.349999904632571,0.0,0.540000021457672,2.08999991416931,4.71999979019165,0.0,8,51,308,569
16,4/7/2016,9130,2236,6.150000095367429,6.150000095367429,0.0,0.5,0.379999995231628,5.269999980926509,0.0,7,11,304,668
16,4/8/2016,6544,2069,4.40999984741211,4.40999984741211,0.0,0.28999999165535,0.259999990463257,3.85999989509583,0.0,4,6,276,1132
16,4/9/2016,0,0,0.0,0.0,0.0,0.0,0.0,0.0,0.0,0,0,0,1440
17,3/29/2016,0,1878,0.0,0.0,0.0,0.0,0.0,0.0,0.0,0,0,0,1440
17,3/30/2016,0,1878,0.0,0.0,0.0,0.0,0.0,0.0,0.0,0,0,0,1440
17,3/31/2016,0,1878,0.0,0.0,0.0,0.0,0.0,0.0,0.0,0,0,0,1440
17,4/1/2016,0,1878,0.0,0.0,0.0,0.0,0.0,0.0,0.0,0,0,0,1440
17,4/2/2016,0,1878,0.0,0.0,0.0,0.0,0.0,0.0,0.0,0,0,0,1440
17,4/3/2016,0,1878,0.0,0.0,0.0,0.0,0.0,0.0,0.0,0,0,0,1440
17,4/4/2016,0,1878,0.0,0.0,0.0,0.0,0.0,0.0,0.0,0,0,0,1440
17,4/5/2016,0,1296,0.0,0.0,0.0,0.0,0.0,0.0,0.0,0,0,0,994
18,3/29/2016,2303,2010,1.54999995231628,1.54999995231628,0.0,0.0,0.0,1.54999995231628,0.0,0,0,155,807
18,3/30/2016,2600,2032,1.7400000095367398,1.7400000095367398,0.0,0.0,0.0,1.7400000095367398,0.0,0,0,163,1277
18,3/31/2016,4804,2227,3.22000002861023,3.22000002861023,0.0,0.0,0.0,3.22000002861023,0.0,0,0,238,786
18,4/1/2016,3271,2133,2.19000005722046,2.19000005722046,0.0,0.0,0.0,2.19000005722046,0.0,0,0,205,898
18,4/2/2016,5406,2317,3.6300001144409197,3.6300001144409197,0.0,0.0,0.0,3.60999989509583,0.0,0,0,273,672
18,4/3/2016,3146,2058,2.10999989509583,2.10999989509583,0.0,0.0,0.0,2.10999989509583,0.0,0,0,171,1269
18,4/4/2016,2422,1935,1.62999999523163,1.62999999523163,0.0,0.0,0.0,1.62999999523163,0.0,0,0,110,1330
18,4/5/2016,4239,2217,2.83999991416931,2.83999991416931,0.0,0.0599999986588955,0.239999994635582,2.52999997138977,0.0,1,6,235,702
18,4/6/2016,6911,2374,4.78000020980835,4.78000020980835,0.0,2.3199999332428,0.100000001490116,2.35999989509583,0.0,28,2,215,745
18,4/7/2016,6667,2335,4.6100001335144,4.6100001335144,0.0,2.01999998092651,0.0500000007450581,2.5499999523162797,0.0,24,1,208,939
18,4/8/2016,5543,2303,3.72000002861023,3.72000002861023,0.0,0.0,0.0,3.72000002861023,0.0,0,0,266,941
18,4/9/2016,4195,2210,2.8099999427795397,2.8099999427795397,0.0,0.0,0.0,2.8099999427795397,0.0,0,0,239,758
18,4/10/2016,6625,2424,4.449999809265139,4.449999809265139,0.0,0.0,0.0,4.449999809265139,0.0,0,0,316,755
18,4/11/2016,5986,2297,4.13000011444092,4.13000011444092,0.0,1.95000004768372,0.23000000417232502,1.95000004768372,0.0,23,5,195,789
18,4/12/2016,278,745,0.189999997615814,0.189999997615814,0.0,0.0,0.0,0.189999997615814,0.0,0,0,20,253
19,4/1/2016,5336,1902,3.52999997138977,3.52999997138977,0.0,0.0,0.0,3.52999997138977,0.0,0,0,258,1182
19,4/2/2016,3183,1680,2.09999990463257,2.09999990463257,0.0,0.0,0.0,2.09999990463257,0.0,0,0,173,1180
19,4/3/2016,6176,1901,4.07999992370605,4.07999992370605,0.0,0.0700000002980232,0.259999990463257,3.75,0.0,1,7,269,886
19,4/4/2016,8205,2078,5.42000007629395,5.42000007629395,0.0,0.0,0.0,5.42000007629395,0.0,0,0,367,1073
19,4/5/2016,6799,1876,4.48999977111816,4.48999977111816,0.0,1.5900000333786002,0.8600000143051151,2.03999996185303,0.0,24,14,185,1217
19,4/6/2016,5668,1853,3.75,3.75,0.0,0.0,0.0,3.75,0.0,0,0,259,1181
19,4/7/2016,7998,2235,5.28999996185303,5.28999996185303,0.0,0.509999990463257,0.25,4.53000020980835,0.0,27,12,296,1105
19,4/8/2016,4195,1778,2.7699999809265097,2.7699999809265097,0.0,0.0,0.0,2.7699999809265097,0.0,0,0,241,1199
19,4/9/2016,5512,1882,3.64000010490417,3.64000010490417,0.0,0.0,0.0,3.64000010490417,0.0,0,0,276,1164
19,4/10/2016,6263,1906,4.1399998664856,4.1399998664856,0.0,0.0,0.0,4.13000011444092,0.0,0,0,290,1150
19,4/11/2016,8828,2149,5.84000015258789,5.84000015258789,0.0,0.0,0.0,5.84000015258789,0.0,0,0,308,1132
19,4/12/2016,1260,722,0.8299999833106991,0.8299999833106991,0.0,0.0,0.0,0.819999992847443,0.0,0,0,76,555
20,3/29/2016,6506,2886,5.28000020980835,5.28000020980835,0.0,0.33000001311302196,0.270000010728836,4.67000007629395,0.0,4,5,241,760
20,3/30/2016,7583,2915,6.150000095367429,6.150000095367429,0.0,0.25,0.550000011920929,5.34999990463257,0.0,3,13,227,742
20,3/31/2016,6963,2895,5.650000095367429,5.650000095367429,0.0,0.0,0.0,5.650000095367429,0.0,0,0,256,759
20,4/1/2016,7165,2923,5.80999994277954,5.80999994277954,0.0,0.0,0.370000004768372,5.44000005722046,0.0,0,9,248,708
20,4/2/2016,10328,3323,8.38000011444092,8.38000011444092,0.0,0.0,1.46000003814697,6.92000007629395,0.0,0,32,367,475
20,4/3/2016,12116,3357,9.829999923706051,9.829999923706051,0.0,0.25,2.8499999046325697,6.71999979019165,0.0,3,57,323,471
20,4/4/2016,7810,2931,6.360000133514401,6.360000133514401,0.0,0.479999989271164,1.20000004768372,4.67999982833862,0.0,6,27,216,746
20,4/5/2016,6670,2848,5.40999984741211,5.40999984741211,0.0,1.24000000953674,0.8000000119209291,3.3699998855590803,0.0,15,16,199,770
20,4/6/2016,7605,2943,6.17999982833862,6.17999982833862,0.0,0.33000001311302196,0.209999993443489,5.630000114440921,0.0,4,4,248,708
20,4/7/2016,6585,2822,5.34000015258789,5.34000015258789,0.0,0.0,0.0,5.34000015258789,0.0,0,0,210,770
20,4/8/2016,8184,2981,6.639999866485599,6.639999866485599,0.0,0.0,0.6200000047683721,5.949999809265139,0.0,0,15,247,808
20,4/9/2016,14002,3597,11.359999656677198,11.359999656677198,0.0,0.610000014305115,2.6800000667572,8.060000419616701,0.0,8,56,381,407
20,4/10/2016,11135,3224,9.02999973297119,9.02999973297119,0.0,0.0799999982118607,1.1599999666214,7.78999996185303,0.0,1,25,331,528
20,4/11/2016,6499,2677,5.269999980926509,5.269999980926509,0.0,0.0,0.0,5.269999980926509,0.0,0,0,207,809
20,4/12/2016,0,0,0.0,0.0,0.0,0.0,0.0,0.0,0.0,0,0,0,1440
21,4/1/2016,12409,2142,8.10000038146973,8.10000038146973,0.0,2.9000000953674303,0.6299999952316279,4.57999992370605,0.0,51,12,235,782
21,4/2/2016,2937,1615,1.91999995708466,1.91999995708466,0.0,0.0,0.0,1.9099999666213998,0.0,0,0,181,356
21,4/3/2016,1515,1481,0.9900000095367428,0.9900000095367428,0.0,0.0,0.0,0.9900000095367428,0.0,0,0,93,507
21,4/4/2016,8921,1892,5.880000114440921,5.880000114440921,0.0,2.0699999332428,0.439999997615814,3.35999989509583,0.0,27,8,198,754
21,4/5/2016,11306,2086,7.380000114440921,7.380000114440921,0.0,2.30999994277954,0.980000019073486,4.09000015258789,0.0,40,26,218,772
21,4/6/2016,12252,2044,8.0,8.0,0.0,2.41000008583069,1.70000004768372,3.89000010490417,0.0,33,28,229,745
21,4/7/2016,15444,2249,10.0799999237061,10.0799999237061,0.0,3.2699999809265097,1.7300000190734899,5.07999992370605,0.0,51,39,243,731
21,4/8/2016,9938,2019,6.4899997711181605,6.4899997711181605,0.0,2.14000010490417,1.27999997138977,3.07999992370605,0.0,38,24,193,767
21,4/9/2016,4599,1692,3.0,3.0,0.0,0.0,0.0,3.0,0.0,0,0,176,578
21,4/10/2016,5594,1712,3.6500000953674303,3.6500000953674303,0.0,0.280000001192093,1.4800000190734899,1.88999998569489,0.0,4,25,150,552
21,4/11/2016,11906,2065,7.76999998092651,7.76999998092651,0.0,2.25999999046326,1.5199999809265101,3.99000000953674,0.0,32,27,234,688
21,4/12/2016,3436,633,2.24000000953674,2.24000000953674,0.0,0.5,0.6700000166893011,1.04999995231628,0.0,7,11,50,61
22,4/1/2016,10461,3625,7.869999885559079,7.869999885559079,0.0,4.76000022888184,0.8500000238418579,2.25,0.0,99,31,142,721
22,4/2/2016,14873,4430,11.109999656677198,11.109999656677198,0.0,8.189999580383299,0.6000000238418579,2.30999994277954,0.0,202,36,153,663
22,4/3/2016,9917,3427,7.40999984741211,7.40999984741211,0.0,1.9900000095367398,0.970000028610229,4.44000005722046,0.0,58,27,240,700
22,4/4/2016,7401,3492,5.55999994277954,5.55999994277954,0.0,2.3199999332428,0.36000001430511497,2.8800001144409197,0.0,70,19,204,689
22,4/5/2016,8964,3597,6.699999809265139,6.699999809265139,0.0,3.97000002861023,0.189999997615814,2.52999997138977,0.0,107,18,145,756
22,4/6/2016,11080,3765,8.300000190734862,8.300000190734862,0.0,3.1300001144409197,1.37000000476837,3.8099999427795397,0.0,83,52,190,695
22,4/7/2016,4499,2775,3.35999989509583,3.35999989509583,0.0,0.8899999856948849,0.259999990463257,2.2100000381469704,0.0,31,11,146,756
22,4/8/2016,4363,2486,3.25999999046326,3.25999999046326,0.0,0.129999995231628,0.0599999986588955,3.07999992370605,0.0,8,2,156,813
22,4/9/2016,10494,3817,7.84000015258789,7.84000015258789,0.0,4.90999984741211,0.779999971389771,2.15000009536743,0.0,123,62,138,601
22,4/10/2016,9776,3378,7.380000114440921,7.380000114440921,0.0,2.9300000667572004,1.42999994754791,3.0199999809265097,0.0,80,35,162,721
22,4/11/2016,2862,1511,2.14000010490417,2.14000010490417,0.0,1.03999996185303,0.25,0.839999973773956,0.0,39,17,54,209
23,4/1/2016,7444,2210,5.619999885559079,5.619999885559079,0.0,0.0,0.0,5.619999885559079,0.0,0,0,286,568
23,4/2/2016,19658,2884,14.8400001525879,14.8400001525879,0.0,0.239999994635582,2.08999991416931,12.5100002288818,0.0,3,30,475,466
23,4/3/2016,0,1496,0.0,0.0,0.0,0.0,0.0,0.0,0.0,0,0,0,1440
23,4/4/2016,8468,2262,6.389999866485599,6.389999866485599,0.0,0.180000007152557,0.639999985694885,5.57000017166138,0.0,2,11,279,1148
23,4/5/2016,9910,2445,7.48000001907349,7.48000001907349,0.0,0.0,0.0,7.48000001907349,0.0,0,0,384,990
23,4/6/2016,12409,2694,9.36999988555908,9.36999988555908,0.0,0.0,0.0,9.36999988555908,0.0,0,0,491,388
23,4/7/2016,4853,1903,3.66000008583069,3.66000008583069,0.0,0.0,0.0,3.66000008583069,0.0,0,0,156,770
23,4/8/2016,8955,2482,6.7600002288818395,6.7600002288818395,0.0,0.0,0.0,6.73000001907349,0.0,0,0,422,1018
23,4/9/2016,10789,2617,8.14999961853027,8.14999961853027,0.0,0.0,0.0,8.14999961853027,0.0,0,0,506,413
23,4/10/2016,0,0,0.0,0.0,0.0,0.0,0.0,0.0,0.0,0,0,0,1440
24,4/1/2016,6633,2778,5.01000022888184,5.01000022888184,0.0,0.0,0.0,5.01000022888184,0.0,0,0,280,1160
24,4/2/2016,9548,3119,7.21999979019165,7.21999979019165,0.0,2.01999998092651,3.6800000667572004,1.5199999809265101,0.0,25,107,113,1195
24,4/3/2016,0,2664,0.0,0.0,0.0,0.0,0.0,0.0,0.0,33,0,0,1407
24,4/4/2016,0,2060,0.0,0.0,0.0,0.0,0.0,0.0,0.0,0,0,0,1440
24,4/5/2016,0,2060,0.0,0.0,0.0,0.0,0.0,0.0,0.0,0,0,0,1440
24,4/6/2016,0,2060,0.0,0.0,0.0,0.0,0.0,0.0,0.0,0,0,0,1440
24,4/7/2016,0,2060,0.0,0.0,0.0,0.0,0.0,0.0,0.0,0,0,0,1440
24,4/8/2016,0,2060,0.0,0.0,0.0,0.0,0.0,0.0,0.0,0,0,0,1440
24,4/9/2016,0,2060,0.0,0.0,0.0,0.0,0.0,0.0,0.0,0,0,0,1440
24,4/10/2016,0,735,0.0,0.0,0.0,0.0,0.0,0.0,0.0,20,0,0,494
25,4/1/2016,0,1820,0.0,0.0,0.0,0.0,0.0,0.0,0.0,0,0,0,1440
25,4/2/2016,2101,2224,2.02999997138977,0.0,2.0277729034423797,2.02999997138977,0.0,0.0,0.0,46,0,0,1394
25,4/3/2016,0,1820,0.0,0.0,0.0,0.0,0.0,0.0,0.0,0,0,0,1440
25,4/4/2016,0,1820,0.0,0.0,0.0,0.0,0.0,0.0,0.0,0,0,0,1440
25,4/5/2016,9766,2442,7.5100002288818395,0.779999971389771,6.727056980133059,0.0,0.0500000007450581,7.46000003814697,0.0,0,6,301,1133
25,4/6/2016,165,1849,0.129999995231628,0.129999995231628,0.0,0.0,0.0,0.129999995231628,0.0,0,0,8,1432
25,4/7/2016,0,1822,0.0,0.0,0.0,0.0,0.0,0.0,0.0,0,0,0,1440
25,4/8/2016,0,1820,0.0,0.0,0.0,0.0,0.0,0.0,0.0,0,0,0,1440
25,4/9/2016,0,251,0.0,0.0,0.0,0.0,0.0,0.0,0.0,0,0,0,198
26,4/1/2016,7225,3065,5.17999982833862,5.17999982833862,0.0,1.7300000190734899,1.26999998092651,2.1800000667572,0.0,25,50,163,1189
26,4/2/2016,1988,2207,1.42999994754791,1.42999994754791,0.0,0.0,0.0,1.42999994754791,0.0,0,0,79,909
26,4/3/2016,1577,1977,1.12999999523163,1.12999999523163,0.0,0.0700000002980232,0.8899999856948849,0.170000001788139,0.0,1,17,8,1414
26,4/4/2016,0,1841,0.0,0.0,0.0,0.0,0.0,0.0,0.0,0,0,0,1440
26,4/5/2016,9348,4286,6.699999809265139,6.699999809265139,0.0,1.12999999523163,2.03999996185303,3.14000010490417,0.0,56,133,240,1011
26,4/6/2016,11761,3920,8.43000030517578,8.43000030517578,0.0,1.30999994277954,2.44000005722046,4.67999982833862,0.0,24,99,300,550
26,4/7/2016,13987,3856,10.0299997329712,10.0299997329712,0.0,2.8699998855590803,3.33999991416931,3.8199999332427996,0.0,46,114,250,739
26,4/8/2016,4131,2584,2.9600000381469704,2.9600000381469704,0.0,1.37000000476837,0.610000014305115,0.980000019073486,0.0,27,30,75,1308
26,4/9/2016,14,787,0.00999999977648258,0.00999999977648258,0.0,0.0,0.0,0.00999999977648258,0.0,0,0,1,601
27,3/30/2016,15491,2244,10.239999771118198,10.239999771118198,0.0,1.28999996185303,4.48999977111816,4.46000003814697,0.0,18,77,272,641
27,3/31/2016,14097,2188,9.31999969482422,9.31999969482422,0.0,3.5,1.91999995708466,3.9000000953674303,0.0,50,32,234,595
27,4/1/2016,10467,2014,6.98000001907349,6.98000001907349,0.0,0.699999988079071,2.4300000667572,3.8499999046325697,0.0,9,45,252,602
27,4/2/2016,12437,2115,8.300000190734862,8.300000190734862,0.0,3.75999999046326,1.28999996185303,3.24000000953674,0.0,50,24,219,732
27,4/3/2016,12307,2055,8.14000034332275,8.14000034332275,0.0,1.00999999046326,3.25999999046326,3.8699998855590803,0.0,14,51,218,589
27,4/4/2016,18952,2437,12.8000001907349,12.8000001907349,0.0,5.90999984741211,1.23000001907349,5.65999984741211,0.0,73,20,327,570
27,4/5/2016,12010,2158,7.94000005722046,7.94000005722046,0.0,2.38000011444092,0.9499999880790709,4.6100001335144,0.0,38,17,287,692
27,4/6/2016,12480,2170,8.85999965667725,8.25,3.97279500961304,4.17999982833862,0.6899999976158139,4.0,0.0,55,14,276,593
27,4/7/2016,13417,2244,9.64999961853027,8.86999988555908,1.9263019561767598,3.39000010490417,1.25,4.90999984741211,0.100000001490116,45,16,284,665
27,4/8/2016,14400,2188,10.880000114440902,9.52000045776367,5.45686388015747,2.47000002861023,2.8800001144409197,5.53000020980835,0.0,27,37,276,697
27,4/9/2016,12495,2231,8.26000022888184,8.26000022888184,0.0,2.2100000381469704,1.0900000333786,4.96000003814697,0.0,33,19,324,609
27,4/10/2016,10148,2100,6.71000003814697,6.71000003814697,0.0,1.36000001430511,0.219999998807907,5.13000011444092,0.0,19,7,306,679
27,4/11/2016,12362,2188,9.09000015258789,8.17000007629395,2.69645500183105,1.0900000333786,2.7300000190734903,5.269999980926509,0.0,21,38,297,678
27,4/12/2016,5893,917,3.9000000953674303,3.9000000953674303,0.0,2.8800001144409197,0.560000002384186,0.46000000834465005,0.0,43,9,48,146
28,4/1/2016,11680,2573,9.0600004196167,7.80999994277954,4.901282787323,4.48999977111816,0.33000001311302196,4.23999977111816,0.0,50,7,244,1139
28,4/2/2016,10976,2575,7.34000015258789,7.34000015258789,0.0,0.550000011920929,0.6700000166893011,6.130000114440921,0.0,9,16,271,1075
28,4/3/2016,16806,3086,11.2399997711182,11.2399997711182,0.0,6.40999984741211,1.37000000476837,3.47000002861023,0.0,104,31,230,1002
28,4/4/2016,15266,2886,11.3999996185303,10.210000038147,5.189849853515629,5.800000190734861,0.7599999904632572,4.78999996185303,0.0500000007450581,70,21,292,1057
28,4/5/2016,12084,2676,9.14000034332275,8.07999992370605,4.83638000488281,4.3899998664856,0.46000000834465005,4.28999996185303,0.0,50,6,284,1030
28,4/6/2016,13513,2811,10.25,9.06999969482422,4.83572006225586,5.34999990463257,0.33000001311302196,4.55999994277954,0.0,64,8,270,1098
28,4/7/2016,14100,2840,10.5799999237061,9.43000030517578,4.87598991394043,5.09999990463257,1.19000005722046,4.2800002098083505,0.0,61,33,265,1015
28,4/8/2016,12627,2871,9.64999961853027,8.449999809265138,4.84231996536255,4.699999809265139,0.7400000095367428,4.21000003814697,0.0,54,22,301,1063
28,4/9/2016,10345,2613,6.92000007629395,6.92000007629395,0.0,0.0700000002980232,0.270000010728836,6.57999992370605,0.0,2,6,358,1074
28,4/10/2016,10146,2700,6.78999996185303,6.78999996185303,0.0,0.0700000002980232,0.610000014305115,6.110000133514401,0.0,1,12,397,1030
28,4/11/2016,12168,2871,8.14000034332275,8.14000034332275,0.0,1.04999995231628,0.790000021457672,6.28999996185303,0.0,18,27,375,1020
28,4/12/2016,7413,1023,5.76999998092651,4.96000003814697,4.8697829246521,4.5,0.34000000357627896,0.9399999976158141,0.0,53,6,43,405
29,4/1/2016,11463,2496,7.67000007629395,7.67000007629395,0.0,2.82999992370605,1.88999998569489,2.9300000667572004,0.0,38,30,154,777
29,4/2/2016,87,1641,0.0199999995529652,0.0199999995529652,0.0,0.0,0.0,0.00999999977648258,0.0,0,0,2,872
29,4/3/2016,1949,1794,1.30999994277954,1.30999994277954,0.0,0.23000000417232502,0.349999994039536,0.730000019073486,0.0,3,6,27,1404
29,4/4/2016,6101,2421,3.8699998855590803,3.8699998855590803,0.0,0.5299999713897711,0.23000000417232502,3.0999999046325697,0.0,31,24,138,1247
29,4/5/2016,7478,2439,4.98999977111816,4.98999977111816,0.0,1.79999995231628,0.5299999713897711,2.60999989509583,0.0299999993294477,25,33,132,1159
29,4/6/2016,7352,2233,4.730000019073491,4.730000019073491,0.0,1.4099999666213998,0.779999971389771,2.52999997138977,0.0,19,14,124,814
29,4/7/2016,14604,2862,10.8199996948242,10.8199996948242,0.0,7.23000001907349,1.12000000476837,2.4300000667572,0.0299999993294477,76,30,127,695
29,4/8/2016,9634,2752,6.51999998092651,6.51999998092651,0.0,2.5,1.39999997615814,2.58999991416931,0.0,50,48,140,797
29,4/9/2016,7338,2519,4.67000007629395,4.67000007629395,0.0,1.08000004291534,0.129999995231628,3.4600000381469704,0.0,27,5,204,717
29,4/10/2016,569,1799,0.349999994039536,0.349999994039536,0.0,0.0,0.0,0.34000000357627896,0.0,0,0,27,1368
29,4/11/2016,6242,2543,3.92000007629395,3.92000007629395,0.0,0.7400000095367428,0.23000000417232502,2.9300000667572004,0.0,46,22,126,741
29,4/12/2016,430,625,0.259999990463257,0.259999990463257,0.0,0.0,0.0,0.259999990463257,0.0,0,0,14,75
30,4/2/2016,20188,3377,15.619999885559098,15.619999885559098,0.0,12.0600004196167,0.8500000238418579,2.7100000381469704,0.0,124,19,172,1125
30,4/3/2016,25701,3697,20.1399993896484,20.1399993896484,0.0,16.8199996948242,1.62999999523163,1.6900000572204599,0.0,165,36,97,1142
30,4/4/2016,17395,3209,13.210000038147,13.210000038147,0.0,9.670000076293949,0.180000007152557,3.3499999046325697,0.0,100,4,213,1123
30,4/5/2016,17167,3167,13.4099998474121,13.4099998474121,0.0,9.96000003814697,0.31000000238418607,3.14000010490417,0.0,98,8,184,1150
30,4/6/2016,16435,3122,12.4200000762939,12.4200000762939,0.0,8.96000003814697,0.550000011920929,2.91000008583069,0.0,100,14,191,1135
30,4/7/2016,17078,3176,13.1999998092651,13.1999998092651,0.0,9.97000026702881,0.239999994635582,2.99000000953674,0.0,101,6,190,1143
30,4/8/2016,11693,2790,9.53999996185303,9.53999996185303,0.0,6.76999998092651,0.259999990463257,2.5,0.0,60,6,153,1221
30,4/9/2016,11159,2715,9.14000034332275,9.14000034332275,0.0,6.69000005722046,0.25,2.19000005722046,0.0,59,6,120,1255
30,4/10/2016,10118,2684,7.73000001907349,7.73000001907349,0.0,3.04999995231628,0.8000000119209291,3.8800001144409197,0.0,30,18,207,1185
30,4/11/2016,16064,3097,12.720000267028801,12.720000267028801,0.0,9.97999954223633,0.36000001430511497,2.38000011444092,0.0,96,8,155,1181
30,4/12/2016,290,791,0.209999993443489,0.209999993443489,0.0,0.0,0.0,0.209999993443489,0.0,0,0,16,599
31,4/1/2016,0,1429,0.0,0.0,0.0,0.0,0.0,0.0,0.0,0,0,0,1440
31,4/2/2016,0,1429,0.0,0.0,0.0,0.0,0.0,0.0,0.0,0,0,0,1440
31,4/3/2016,0,1429,0.0,0.0,0.0,0.0,0.0,0.0,0.0,0,0,0,1440
31,4/4/2016,0,1429,0.0,0.0,0.0,0.0,0.0,0.0,0.0,0,0,0,1440
31,4/5/2016,0,1429,0.0,0.0,0.0,0.0,0.0,0.0,0.0,0,0,0,1440
31,4/6/2016,1931,1607,1.27999997138977,1.27999997138977,0.0,0.0,0.0,1.27999997138977,0.0,0,0,94,1346
31,4/7/2016,5181,1776,3.42000007629395,3.42000007629395,0.0,1.0,0.910000026226044,1.5099999904632602,0.00999999977648258,15,15,107,1303
31,4/8/2016,12026,2162,9.14999961853027,9.14999961853027,0.0,5.699999809265139,0.930000007152557,2.50999999046326,0.0,47,13,150,1230
31,4/9/2016,5360,1832,3.5399999618530296,3.5399999618530296,0.0,0.540000021457672,1.54999995231628,1.46000003814697,0.0,8,28,148,1256
31,4/10/2016,2545,1657,1.67999994754791,1.67999994754791,0.0,0.0,0.0,1.66999995708466,0.0199999995529652,0,0,126,1314
31,4/11/2016,1636,1377,1.08000004291534,1.08000004291534,0.0,0.0,0.0,1.08000004291534,0.0,0,0,86,1139
31,4/12/2016,0,0,0.0,0.0,0.0,0.0,0.0,0.0,0.0,0,0,0,1440
32,4/1/2016,14179,3669,11.2399997711182,11.2399997711182,0.0,6.23000001907349,1.05999994277954,3.9600000381469704,0.0,73,21,195,719
32,4/2/2016,3358,2702,2.66000008583069,2.66000008583069,0.0,0.0,0.0,2.66000008583069,0.0,0,0,144,657
32,4/3/2016,9152,3304,7.2600002288818395,7.2600002288818395,0.0,1.9900000095367398,0.819999992847443,4.449999809265139,0.0,25,13,243,600
32,4/4/2016,13935,4234,11.0500001907349,11.0500001907349,2.0921471118926998,4.09000015258789,0.790000021457672,6.17000007629395,0.0,105,16,220,658
32,4/5/2016,12846,4128,10.1899995803833,10.1899995803833,2.25308108329773,5.0,0.75,4.44000005722046,0.0,113,15,189,686
32,4/6/2016,9124,3798,7.2399997711181605,7.2399997711181605,2.0921471118926998,0.0,0.25,6.9899997711181605,0.0,55,6,230,728
32,4/7/2016,9725,3839,7.71000003814697,7.71000003814697,2.25308108329773,2.41000008583069,0.5299999713897711,4.769999980926509,0.0,83,11,181,670
32,4/8/2016,8350,3713,6.619999885559079,6.619999885559079,2.0921471118926998,1.4900000095367398,0.5299999713897711,4.6100001335144,0.0,72,10,167,868
32,4/9/2016,2240,2606,1.7799999713897698,1.7799999713897698,0.0,0.0,0.0,1.7799999713897698,0.0,0,0,110,843
32,4/10/2016,2631,2624,2.08999991416931,2.08999991416931,0.0,0.0,0.0,2.08999991416931,0.0,0,0,117,727
32,4/11/2016,8837,3775,7.0100002288818395,7.0100002288818395,2.0921471118926998,1.53999996185303,0.879999995231628,4.59000015258789,0.0,74,17,182,811
32,4/12/2016,3246,1882,2.5699999332428,2.5699999332428,2.25308108329773,0.8299999833106991,0.709999978542328,1.02999997138977,0.0,65,15,49,243
33,4/1/2016,2174,2360,1.70000004768372,1.70000004768372,0.0,0.0,0.0,1.70000004768372,0.0,0,0,112,1328
33,4/2/2016,3494,2517,2.7300000190734903,2.7300000190734903,0.0,0.0,0.0,2.6900000572204603,0.0,0,0,166,1274
33,4/3/2016,2380,2400,1.86000001430511,1.86000001430511,0.0,0.0,0.0,1.86000001430511,0.0,0,0,131,1309
33,4/4/2016,3159,2462,2.4600000381469704,2.4600000381469704,0.0,0.0,0.0,2.4600000381469704,0.0,0,0,147,1293
33,4/5/2016,6835,2786,5.32999992370605,5.32999992370605,0.0,0.370000004768372,0.730000019073486,4.23999977111816,0.0,5,15,212,1208
33,4/6/2016,2098,2354,1.63999998569489,1.63999998569489,0.0,0.0,0.0,1.62999999523163,0.0,0,0,112,1328
33,4/7/2016,2816,2437,2.2000000476837203,2.2000000476837203,0.0,0.0,0.0,2.2000000476837203,0.0,0,0,138,1302
33,4/8/2016,1408,1814,1.1000000238418601,1.1000000238418601,0.0,0.0,0.0,1.1000000238418601,0.0,0,0,79,1052
34,4/1/2016,4592,2260,2.9400000572204603,2.9400000572204603,0.0,0.100000001490116,0.14000000059604598,2.70000004768372,0.0,4,8,176,748
34,4/2/2016,8452,3004,5.40999984741211,5.40999984741211,0.0,0.259999990463257,0.38999998569488503,4.76000022888184,0.0,9,24,328,1079
34,4/3/2016,7238,2667,4.63000011444092,4.63000011444092,0.0,0.10999999940395402,0.23000000417232502,4.28999996185303,0.0,2,6,279,636
34,4/4/2016,3821,2229,2.4500000476837203,2.4500000476837203,0.0,0.0,0.219999998807907,2.2300000190734903,0.0,0,9,161,675
34,4/5/2016,2332,2100,1.4900000095367398,1.4900000095367398,0.0,0.00999999977648258,0.180000007152557,1.29999995231628,0.0,1,10,111,904
34,4/6/2016,2121,2114,1.36000001430511,1.36000001430511,0.0,0.0,0.0,1.36000001430511,0.0,0,0,122,855
34,4/7/2016,1291,1961,0.8299999833106991,0.8299999833106991,0.0,0.0,0.0,0.8299999833106991,0.0,0,0,77,888
34,4/8/2016,1467,1953,0.9399999976158141,0.9399999976158141,0.0,0.100000001490116,0.209999993443489,0.6299999952316279,0.0,2,8,71,912
34,4/9/2016,1022,1890,0.6499999761581421,0.6499999761581421,0.0,0.0,0.0,0.6499999761581421,0.0,0,0,63,739
34,4/10/2016,4605,2253,2.95000004768372,2.95000004768372,0.0,0.0,0.0,2.95000004768372,0.0,0,0,179,1261
34,4/11/2016,178,1725,0.10999999940395402,0.10999999940395402,0.0,0.0,0.0,0.10999999940395402,0.0,0,0,12,1428
34,4/12/2016,20,728,0.00999999977648258,0.00999999977648258,0.0,0.0,0.0,0.00999999977648258,0.0,0,0,6,598
35,4/1/2016,18700,3527,15.8199996948242,15.8199996948242,0.0,8.699999809265138,0.159999996423721,6.90999984741211,0.0,67,3,247,1123
35,4/2/2016,27572,4220,23.3899993896484,23.3899993896484,0.0,14.720000267028801,1.21000003814697,7.34000015258789,0.00999999977648258,116,24,260,1040
35,4/3/2016,15260,3864,8.189999580383299,8.189999580383299,0.0,1.79999995231628,0.75,5.57000017166138,0.0,106,17,259,1058
35,4/4/2016,20779,3662,18.409999847412102,18.409999847412102,0.0,11.729999542236301,0.6499999761581421,6.0,0.0,78,16,208,1138
35,4/5/2016,10695,2834,8.11999988555908,8.11999988555908,0.0,0.769999980926514,0.180000007152557,7.09000015258789,0.00999999977648258,10,3,246,1181
35,4/6/2016,24136,4039,20.909999847412102,20.909999847412102,0.0,12.220000267028801,0.540000021457672,8.07999992370605,0.0,87,16,318,1019
35,4/7/2016,10910,2947,8.42000007629395,8.42000007629395,0.0,2.9600000381469704,0.38999998569488503,5.03000020980835,0.0,32,11,212,1185
35,4/8/2016,23014,4196,20.3899993896484,20.3899993896484,0.0,11.1000003814697,0.6299999952316279,8.61999988555908,0.0,70,29,359,982
35,4/9/2016,16470,3841,8.06999969482422,8.06999969482422,0.0,0.0,0.0199999995529652,8.02000045776367,0.0,90,9,289,1052
35,4/10/2016,28497,4526,27.530000686645497,27.530000686645497,0.0,21.9200000762939,1.12000000476837,4.46000003814697,0.0,128,46,211,1055
35,4/11/2016,10622,2820,8.060000419616701,8.060000419616701,0.0,1.4700000286102302,0.150000005960464,6.369999885559079,0.00999999977648258,18,7,225,1190
35,4/12/2016,2350,938,1.7799999713897698,1.7799999713897698,0.0,0.0,0.0,1.7799999713897698,0.0,0,0,58,531
